ref	alt	count	total
aa	ac	37	13775613
aa	ag	75	13775613
aa	at	98	13775613
aa	ca	37	13775613
aa	cc	0	13775613
aa	cg	0	13775613
aa	ct	0	13775613
aa	ga	85	13775613
aa	gc	0	13775613
aa	gg	0	13775613
aa	gt	0	13775613
aa	ta	144	13775613
aa	tc	0	13775613
aa	tg	0	13775613
aa	tt	0	13775613
ac	aa	312	6228852
ac	ag	27	6228852
ac	at	112	6228852
ac	ca	0	6228852
ac	cc	24	6228852
ac	cg	0	6228852
ac	ct	0	6228852
ac	ga	0	6228852
ac	gc	35	6228852
ac	gg	0	6228852
ac	gt	0	6228852
ac	ta	0	6228852
ac	tc	54	6228852
ac	tg	0	6228852
ac	tt	0	6228852
ag	aa	306	7069045
ag	ac	38	7069045
ag	at	88	7069045
ag	ca	0	7069045
ag	cc	0	7069045
ag	cg	16	7069045
ag	ct	0	7069045
ag	ga	0	7069045
ag	gc	0	7069045
ag	gg	53	7069045
ag	gt	0	7069045
ag	ta	0	7069045
ag	tc	0	7069045
ag	tg	87	7069045
ag	tt	0	7069045
at	aa	176	10998968
at	ac	49	10998968
at	ag	34	10998968
at	ca	0	10998968
at	cc	0	10998968
at	cg	0	10998968
at	ct	32	10998968
at	ga	0	10998968
at	gc	0	10998968
at	gg	0	10998968
at	gt	61	10998968
at	ta	0	10998968
at	tc	0	10998968
at	tg	0	10998968
at	tt	217	10998968
ca	aa	478	7556040
ca	ac	0	7556040
ca	ag	0	7556040
ca	at	0	7556040
ca	cc	25	7556040
ca	cg	60	7556040
ca	ct	96	7556040
ca	ga	30	7556040
ca	gc	0	7556040
ca	gg	0	7556040
ca	gt	0	7556040
ca	ta	175	7556040
ca	tc	0	7556040
ca	tg	0	7556040
ca	tt	0	7556040
cc	aa	0	4031850
cc	ac	77	4031850
cc	ag	0	4031850
cc	at	0	4031850
cc	ca	122	4031850
cc	cg	18	4031850
cc	ct	120	4031850
cc	ga	0	4031850
cc	gc	16	4031850
cc	gg	0	4031850
cc	gt	0	4031850
cc	ta	0	4031850
cc	tc	105	4031850
cc	tg	0	4031850
cc	tt	0	4031850
cg	aa	0	2783857
cg	ac	0	2783857
cg	ag	38	2783857
cg	at	0	2783857
cg	ca	90	2783857
cg	cc	13	2783857
cg	ct	41	2783857
cg	ga	0	2783857
cg	gc	0	2783857
cg	gg	15	2783857
cg	gt	0	2783857
cg	ta	0	2783857
cg	tc	0	2783857
cg	tg	101	2783857
cg	tt	0	2783857
ct	aa	0	7068460
ct	ac	0	7068460
ct	ag	0	7068460
ct	at	71	7068460
ct	ca	76	7068460
ct	cc	47	7068460
ct	cg	25	7068460
ct	ga	0	7068460
ct	gc	0	7068460
ct	gg	0	7068460
ct	gt	33	7068460
ct	ta	0	7068460
ct	tc	0	7068460
ct	tg	0	7068460
ct	tt	313	7068460
ga	aa	382	7622269
ga	ac	0	7622269
ga	ag	0	7622269
ga	at	0	7622269
ga	ca	26	7622269
ga	cc	0	7622269
ga	cg	0	7622269
ga	ct	0	7622269
ga	gc	15	7622269
ga	gg	54	7622269
ga	gt	89	7622269
ga	ta	126	7622269
ga	tc	0	7622269
ga	tg	0	7622269
ga	tt	0	7622269
gc	aa	0	3565695
gc	ac	89	3565695
gc	ag	0	3565695
gc	at	0	3565695
gc	ca	0	3565695
gc	cc	18	3565695
gc	cg	0	3565695
gc	ct	0	3565695
gc	ga	78	3565695
gc	gg	16	3565695
gc	gt	107	3565695
gc	ta	0	3565695
gc	tc	64	3565695
gc	tg	0	3565695
gc	tt	0	3565695
gg	aa	0	4014076
gg	ac	0	4014076
gg	ag	89	4014076
gg	at	0	4014076
gg	ca	0	4014076
gg	cc	0	4014076
gg	cg	21	4014076
gg	ct	0	4014076
gg	ga	96	4014076
gg	gc	17	4014076
gg	gt	71	4014076
gg	ta	0	4014076
gg	tc	0	4014076
gg	tg	95	4014076
gg	tt	0	4014076
gt	aa	0	6217386
gt	ac	0	6217386
gt	ag	0	6217386
gt	at	116	6217386
gt	ca	0	6217386
gt	cc	0	6217386
gt	cg	0	6217386
gt	ct	31	6217386
gt	ga	62	6217386
gt	gc	43	6217386
gt	gg	22	6217386
gt	ta	0	6217386
gt	tc	0	6217386
gt	tg	0	6217386
gt	tt	203	6217386
ta	aa	212	9118553
ta	ac	0	9118553
ta	ag	0	9118553
ta	at	0	9118553
ta	ca	44	9118553
ta	cc	0	9118553
ta	cg	0	9118553
ta	ct	0	9118553
ta	ga	40	9118553
ta	gc	0	9118553
ta	gg	0	9118553
ta	gt	0	9118553
ta	tc	32	9118553
ta	tg	45	9118553
ta	tt	219	9118553
tc	aa	0	7613817
tc	ac	77	7613817
tc	ag	0	7613817
tc	at	0	7613817
tc	ca	0	7613817
tc	cc	38	7613817
tc	cg	0	7613817
tc	ct	0	7613817
tc	ga	0	7613817
tc	gc	15	7613817
tc	gg	0	7613817
tc	gt	0	7613817
tc	ta	152	7613817
tc	tg	33	7613817
tc	tt	355	7613817
tg	aa	0	7552440
tg	ac	0	7552440
tg	ag	75	7552440
tg	at	0	7552440
tg	ca	0	7552440
tg	cc	0	7552440
tg	cg	43	7552440
tg	ct	0	7552440
tg	ga	0	7552440
tg	gc	0	7552440
tg	gg	22	7552440
tg	gt	0	7552440
tg	ta	184	7552440
tg	tc	28	7552440
tg	tt	288	7552440
tt	aa	0	13742861
tt	ac	0	13742861
tt	ag	0	13742861
tt	at	83	13742861
tt	ca	0	13742861
tt	cc	0	13742861
tt	cg	0	13742861
tt	ct	74	13742861
tt	ga	0	13742861
tt	gc	0	13742861
tt	gg	0	13742861
tt	gt	42	13742861
tt	ta	133	13742861
tt	tc	60	13742861
tt	tg	38	13742861
